<?xml version="1.0" encoding="UTF-8"?>
<list xmlns:xsi="http://www.w3.org/2001/XMLSchema-instance" xsi:noNamespaceSchemaLocation="../data/xsd/SecondaryAuth.xsd">
	<enabled>false</enabled> <!-- Enable Secondary Authentication on Character Select -->
	<maxAttempts>5</maxAttempts> <!-- Max Attempts for Second Auth Password (0 to disable) -->
	<banTime>480</banTime> <!-- Ban time if user reach maxAttempts (in minutes) -->
	<recoveryLink>http://www.example.com/l2j/charPassRec.php</recoveryLink> <!-- Password Recovery Link -->
	<forbiddenPasswords> <!-- List of forbidden passwords -->
		<!-- Client checks for the entries below so you should not remove or edit any of these just add more -->
		<password>000000</password>
		<password>111111</password>
		<password>222222</password>
		<password>333333</password>
		<password>444444</password>
		<password>555555</password>
		<password>666666</password>
		<password>777777</password>
		<password>888888</password>
		<password>999999</password>
		<password>123456</password>
		<password>234567</password>
		<password>345678</password>
		<password>456789</password>
		<password>567890</password>
		<password>012345</password>
		<password>098765</password>
		<password>987654</password>
		<password>876543</password>
		<password>765432</password>
		<password>543210</password>
		<password>010101</password>
		<password>020202</password>
		<password>030303</password>
		<password>040404</password>
		<password>050505</password>
		<password>060606</password>
		<password>070707</password>
		<password>080808</password>
		<password>090909</password>
		<password>121212</password>
		<password>131313</password>
		<password>141414</password>
		<password>151515</password>
		<password>161616</password>
		<password>171717</password>
		<password>181818</password>
		<password>191919</password>
		<password>101010</password>
		<password>212121</password>
		<password>232323</password>
		<password>242424</password>
		<password>252525</password>
		<password>262626</password>
		<password>272727</password>
		<password>282828</password>
		<password>292929</password>
		<password>202020</password>
		<password>313131</password>
		<password>323232</password>
		<password>343434</password>
		<password>353535</password>
		<password>363636</password>
		<password>373737</password>
		<password>383838</password>
		<password>393939</password>
		<password>303030</password>
		<password>404040</password>
		<password>414141</password>
		<password>424242</password>
		<password>434343</password>
		<password>454545</password>
		<password>464646</password>
		<password>474747</password>
		<password>484848</password>
		<password>494949</password>
		<password>505050</password>
		<password>515151</password>
		<password>525252</password>
		<password>535353</password>
		<password>545454</password>
		<password>565656</password>
		<password>575757</password>
		<password>585858</password>
		<password>595959</password>
		<password>606060</password>
		<password>616161</password>
		<password>626262</password>
		<password>636363</password>
		<password>646464</password>
		<password>656565</password>
		<password>676767</password>
		<password>686868</password>
		<password>696969</password>
		<password>707070</password>
		<password>717171</password>
		<password>727272</password>
		<password>737373</password>
		<password>747474</password>
		<password>757575</password>
		<password>767676</password>
		<password>787878</password>
		<password>797979</password>
		<password>808080</password>
		<password>818181</password>
		<password>828282</password>
		<password>838383</password>
		<password>848484</password>
		<password>858585</password>
		<password>868686</password>
		<password>878787</password>
		<password>898989</password>
		<password>909090</password>
		<password>919191</password>
		<password>929292</password>
		<password>939393</password>
		<password>949494</password>
		<password>959595</password>
		<password>969696</password>
		<password>979797</password>
		<password>989898</password>
		<password>0000000</password>
		<password>1111111</password>
		<password>2222222</password>
		<password>3333333</password>
		<password>4444444</password>
		<password>5555555</password>
		<password>6666666</password>
		<password>7777777</password>
		<password>8888888</password>
		<password>9999999</password>
		<password>0123456</password>
		<password>1234567</password>
		<password>2345678</password>
		<password>3456789</password>
		<password>4567890</password>
		<password>0987654</password>
		<password>9876543</password>
		<password>8765432</password>
		<password>7654321</password>
		<password>6543210</password>
		<password>0101010</password>
		<password>0202020</password>
		<password>0303030</password>
		<password>0404040</password>
		<password>0505050</password>
		<password>0606060</password>
		<password>0707070</password>
		<password>0808080</password>
		<password>0909090</password>
		<password>1212121</password>
		<password>1313131</password>
		<password>1414141</password>
		<password>1515151</password>
		<password>1616161</password>
		<password>1717171</password>
		<password>1818181</password>
		<password>1919191</password>
		<password>1010101</password>
		<password>2020202</password>
		<password>2121212</password>
		<password>2323232</password>
		<password>2424242</password>
		<password>2525252</password>
		<password>2626262</password>
		<password>2727272</password>
		<password>2828282</password>
		<password>2929292</password>
		<password>3030303</password>
		<password>3131313</password>
		<password>3232323</password>
		<password>3434343</password>
		<password>3535353</password>
		<password>3636363</password>
		<password>3737373</password>
		<password>3838383</password>
		<password>3939393</password>
		<password>4040404</password>
		<password>4141414</password>
		<password>4242424</password>
		<password>4343434</password>
		<password>4545454</password>
		<password>4646464</password>
		<password>4747474</password>
		<password>4848484</password>
		<password>4949494</password>
		<password>5050505</password>
		<password>5151515</password>
		<password>5252525</password>
		<password>5353535</password>
		<password>5454545</password>
		<password>5656565</password>
		<password>5757575</password>
		<password>5858585</password>
		<password>5959595</password>
		<password>6060606</password>
		<password>6161616</password>
		<password>6262626</password>
		<password>6363636</password>
		<password>6464646</password>
		<password>6565656</password>
		<password>6767676</password>
		<password>6868686</password>
		<password>6969696</password>
		<password>7070707</password>
		<password>7171717</password>
		<password>7272727</password>
		<password>7373737</password>
		<password>7474747</password>
		<password>7575757</password>
		<password>7676767</password>
		<password>7878787</password>
		<password>7979797</password>
		<password>8080808</password>
		<password>8181818</password>
		<password>8282828</password>
		<password>8383838</password>
		<password>8484848</password>
		<password>8585858</password>
		<password>8686868</password>
		<password>8787878</password>
		<password>8989898</password>
		<password>9090909</password>
		<password>9191919</password>
		<password>9292929</password>
		<password>9393939</password>
		<password>9494949</password>
		<password>9595959</password>
		<password>9696969</password>
		<password>9797979</password>
		<password>9898989</password>
		<password>00000000</password>
		<password>11111111</password>
		<password>22222222</password>
		<password>33333333</password>
		<password>44444444</password>
		<password>55555555</password>
		<password>66666666</password>
		<password>77777777</password>
		<password>88888888</password>
		<password>99999999</password>
		<password>12345678</password>
		<password>23456789</password>
		<password>34567890</password>
		<password>01234567</password>
		<password>98765432</password>
		<password>87654321</password>
		<password>76543210</password>
		<password>01010101</password>
		<password>02020202</password>
		<password>03030303</password>
		<password>04040404</password>
		<password>05050505</password>
		<password>06060606</password>
		<password>07070707</password>
		<password>08080808</password>
		<password>09090909</password>
		<password>10101010</password>
		<password>12121212</password>
		<password>13131313</password>
		<password>14141414</password>
		<password>15151515</password>
		<password>16161616</password>
		<password>17171717</password>
		<password>18181818</password>
		<password>19191919</password>
		<password>20202020</password>
		<password>21212121</password>
		<password>23232323</password>
		<password>24242424</password>
		<password>25252525</password>
		<password>26262626</password>
		<password>27272727</password>
		<password>28282828</password>
		<password>29292929</password>
		<password>30303030</password>
		<password>31313131</password>
		<password>32323232</password>
		<password>34343434</password>
		<password>35353535</password>
		<password>36363636</password>
		<password>37373737</password>
		<password>38383838</password>
		<password>39393939</password>
		<password>40404040</password>
		<password>41414141</password>
		<password>42424242</password>
		<password>43434343</password>
		<password>45454545</password>
		<password>46464646</password>
		<password>47474747</password>
		<password>48484848</password>
		<password>49494949</password>
		<password>50505050</password>
		<password>51515151</password>
		<password>52525252</password>
		<password>53535353</password>
		<password>54545454</password>
		<password>56565656</password>
		<password>57575757</password>
		<password>58585858</password>
		<password>59595959</password>
		<password>60606060</password>
		<password>61616161</password>
		<password>62626262</password>
		<password>63636363</password>
		<password>64646464</password>
		<password>65656565</password>
		<password>67676767</password>
		<password>68686868</password>
		<password>69696969</password>
		<password>70707070</password>
		<password>71717171</password>
		<password>72727272</password>
		<password>73737373</password>
		<password>74747474</password>
		<password>75757575</password>
		<password>76767676</password>
		<password>78787878</password>
		<password>79797979</password>
		<password>80808080</password>
		<password>81818181</password>
		<password>82828282</password>
		<password>83838383</password>
		<password>84848484</password>
		<password>85858585</password>
		<password>86868686</password>
		<password>87878787</password>
		<password>89898989</password>
		<password>90909090</password>
		<password>91919191</password>
		<password>92929292</password>
		<password>93939393</password>
		<password>94949494</password>
		<password>95959595</password>
		<password>96969696</password>
		<password>97979797</password>
		<password>98989898</password>
	</forbiddenPasswords>
</list>