<?xml version="1.0" encoding="UTF-8"?>
<list xmlns:xsi="http://www.w3.org/2001/XMLSchema-instance" xsi:noNamespaceSchemaLocation="../xsd/buylist.xsd">
	<item id="11485" price="0" /> <!-- Draconic Leather Armor -->
	<item id="11483" price="0" /> <!-- Draconic Leather Gloves -->
	<item id="11484" price="0" /> <!-- Draconic Leather Boots -->
	<item id="11486" price="0" /> <!-- Draconic Leather Helmet -->
	<item id="11510" price="0" /> <!-- Imperial Crusader Breastplate -->
	<item id="11505" price="0" /> <!-- Imperial Crusader Gaiters -->
	<item id="11506" price="0" /> <!-- Imperial Crusader Gauntlet -->
	<item id="11507" price="0" /> <!-- Imperial Crusader Boots -->
	<item id="11509" price="0" /> <!-- Imperial Crusader Helmet -->
	<item id="11508" price="0" /> <!-- Imperial Crusader Shield -->
	<item id="11488" price="0" /> <!-- Major Arcana Robe -->
	<item id="11487" price="0" /> <!-- Major Arcana Gloves -->
	<item id="11489" price="0" /> <!-- Major Arcana Boots -->
	<item id="11490" price="0" /> <!-- Major Arcana Circlet -->
	<item id="11517" price="0" /> <!-- Dynasty Leather Armor -->
	<item id="11516" price="0" /> <!-- Dynasty Leather Leggings -->
	<item id="11515" price="0" /> <!-- Dynasty Leather Gloves -->
	<item id="11524" price="0" /> <!-- Dynasty Leather Boots -->
	<item id="11525" price="0" /> <!-- Dynasty Leather Helmet -->
	<item id="11527" price="0" /> <!-- Dynasty Breastplate -->
	<item id="11512" price="0" /> <!-- Dynasty Gaiters -->
	<item id="11513" price="0" /> <!-- Dynasty Gauntlet -->
	<item id="11526" price="0" /> <!-- Dynasty Boots -->
	<item id="11557" price="0" /> <!-- Dynasty Helmet -->
	<item id="11532" price="0" /> <!-- Dynasty Shield -->
	<item id="11547" price="0" /> <!-- Dynasty Tunic -->
	<item id="11558" price="0" /> <!-- Dynasty Stockings -->
	<item id="11514" price="0" /> <!-- Dynasty Gloves -->
	<item id="11533" price="0" /> <!-- Dynasty Shoes -->
	<item id="11539" price="0" /> <!-- Dynasty Circlet -->
</list>
